INSERT INTO DEVICES VALUES(1, 'Klimatyzator');
INSERT INTO DEVICES VALUES(2, 'Piec ');
INSERT INTO DEVICES VALUES(3, 'Czajnik');
INSERT INTO VARIABLES VALUES('11423FFFDED44453', 'Temperatura','C',1);
INSERT INTO VARIABLES VALUES('99876AABBDA99765', 'Wilgotnosc','%',1);
INSERT INTO VARIABLES VALUES('00955DDDFAC33212', 'Moc','W',1);
INSERT INTO VARIABLES VALUES('005839DDADBCCABA', 'Temperatura','C',2);
INSERT INTO VARIABLES VALUES('AACACACA44335543', 'Moc','W',2);
INSERT INTO VARIABLES VALUES('00450AAAABBBABAB', 'Temperatura','C',3);
INSERT INTO VARIABLES VALUES('BBBB55142373745A', 'Moc','W',3);
INSERT INTO VAL VALUES(1,current_timestamp, 10.00, '11423FFFDED44453');
INSERT INTO VAL VALUES(2,current_timestamp, 10.10, '11423FFFDED44453');
INSERT INTO VAL VALUES(3,current_timestamp, 10.20, '11423FFFDED44453');
INSERT INTO VAL VALUES(4,current_timestamp, 10.30, '11423FFFDED44453');
INSERT INTO VAL VALUES(5,current_timestamp, 10.40, '11423FFFDED44453');
INSERT INTO VAL VALUES(6,current_timestamp, 10.50, '11423FFFDED44453');
INSERT INTO VAL VALUES(7,current_timestamp, 10.60, '11423FFFDED44453');
INSERT INTO VAL VALUES(8,current_timestamp, 10.70, '11423FFFDED44453');
INSERT INTO VAL VALUES(9,current_timestamp, 10.80, '11423FFFDED44453');
INSERT INTO VAL VALUES(10,current_timestamp, 10.90, '11423FFFDED44453');
INSERT INTO VAL VALUES(11,current_timestamp, 11.00, '11423FFFDED44453');
INSERT INTO VAL VALUES(12,current_timestamp, 11.10, '11423FFFDED44453');
INSERT INTO VAL VALUES(13,current_timestamp, 11.20, '11423FFFDED44453');
INSERT INTO VAL VALUES(14,current_timestamp, 11.30, '11423FFFDED44453');
INSERT INTO VAL VALUES(15,current_timestamp, 11.40, '11423FFFDED44453');
INSERT INTO VAL VALUES(16,current_timestamp, 11.50, '11423FFFDED44453');
INSERT INTO VAL VALUES(17,current_timestamp, 11.60, '11423FFFDED44453');
INSERT INTO VAL VALUES(18,current_timestamp, 11.70, '11423FFFDED44453');
INSERT INTO VAL VALUES(19,current_timestamp, 11.80, '11423FFFDED44453');
INSERT INTO VAL VALUES(20,current_timestamp, 11.90, '11423FFFDED44453');
INSERT INTO VAL VALUES(21,current_timestamp, 12.00, '11423FFFDED44453');
INSERT INTO VAL VALUES(22,current_timestamp, 12.10, '11423FFFDED44453');
INSERT INTO VAL VALUES(23,current_timestamp, 12.20, '11423FFFDED44453');
INSERT INTO VAL VALUES(24,current_timestamp, 12.30, '11423FFFDED44453');
INSERT INTO VAL VALUES(25,current_timestamp, 12.40, '11423FFFDED44453');
INSERT INTO VAL VALUES(26,current_timestamp, 12.50, '11423FFFDED44453');
INSERT INTO VAL VALUES(27,current_timestamp, 12.60, '11423FFFDED44453');
INSERT INTO VAL VALUES(28,current_timestamp, 12.70, '11423FFFDED44453');
INSERT INTO VAL VALUES(29,current_timestamp, 12.80, '11423FFFDED44453');
INSERT INTO VAL VALUES(30,current_timestamp, 12.90, '11423FFFDED44453');
INSERT INTO VAL VALUES(31,current_timestamp, 13.00, '11423FFFDED44453');
INSERT INTO VAL VALUES(32,current_timestamp, 13.10, '11423FFFDED44453');
INSERT INTO VAL VALUES(33,current_timestamp, 13.20, '11423FFFDED44453');
INSERT INTO VAL VALUES(34,current_timestamp, 13.30, '11423FFFDED44453');
INSERT INTO VAL VALUES(35,current_timestamp, 13.40, '11423FFFDED44453');
INSERT INTO VAL VALUES(36,current_timestamp, 13.50, '11423FFFDED44453');
INSERT INTO VAL VALUES(37,current_timestamp, 13.60, '11423FFFDED44453');
INSERT INTO VAL VALUES(38,current_timestamp, 13.70, '11423FFFDED44453');
INSERT INTO VAL VALUES(39,current_timestamp, 13.80, '11423FFFDED44453');
INSERT INTO VAL VALUES(40,current_timestamp, 13.90, '11423FFFDED44453');
INSERT INTO VAL VALUES(41,current_timestamp, 14.00, '11423FFFDED44453');
INSERT INTO VAL VALUES(42,current_timestamp, 14.10, '11423FFFDED44453');
INSERT INTO VAL VALUES(43,current_timestamp, 14.20, '11423FFFDED44453');
INSERT INTO VAL VALUES(44,current_timestamp, 14.30, '11423FFFDED44453');
INSERT INTO VAL VALUES(45,current_timestamp, 14.40, '11423FFFDED44453');
INSERT INTO VAL VALUES(46,current_timestamp, 14.50, '11423FFFDED44453');
INSERT INTO VAL VALUES(47,current_timestamp, 14.60, '11423FFFDED44453');
INSERT INTO VAL VALUES(48,current_timestamp, 14.70, '11423FFFDED44453');
INSERT INTO VAL VALUES(49,current_timestamp, 14.80, '11423FFFDED44453');
INSERT INTO VAL VALUES(50,current_timestamp, 14.90, '11423FFFDED44453');
INSERT INTO VAL VALUES(51,current_timestamp, 15.00, '11423FFFDED44453');
INSERT INTO VAL VALUES(52,current_timestamp, 15.10, '11423FFFDED44453');
INSERT INTO VAL VALUES(53,current_timestamp, 15.20, '11423FFFDED44453');
INSERT INTO VAL VALUES(54,current_timestamp, 15.30, '11423FFFDED44453');
INSERT INTO VAL VALUES(55,current_timestamp, 15.40, '11423FFFDED44453');
INSERT INTO VAL VALUES(56,current_timestamp, 15.50, '11423FFFDED44453');
INSERT INTO VAL VALUES(57,current_timestamp, 15.60, '11423FFFDED44453');
INSERT INTO VAL VALUES(58,current_timestamp, 15.70, '11423FFFDED44453');
INSERT INTO VAL VALUES(59,current_timestamp, 15.80, '11423FFFDED44453');
INSERT INTO VAL VALUES(60,current_timestamp, 15.90, '11423FFFDED44453');
INSERT INTO VAL VALUES(61,current_timestamp, 16.00, '11423FFFDED44453');
INSERT INTO VAL VALUES(62,current_timestamp, 16.10, '11423FFFDED44453');
INSERT INTO VAL VALUES(63,current_timestamp, 16.20, '11423FFFDED44453');
INSERT INTO VAL VALUES(64,current_timestamp, 16.30, '11423FFFDED44453');
INSERT INTO VAL VALUES(65,current_timestamp, 16.40, '11423FFFDED44453');
INSERT INTO VAL VALUES(66,current_timestamp, 16.50, '11423FFFDED44453');
INSERT INTO VAL VALUES(67,current_timestamp, 16.60, '11423FFFDED44453');
INSERT INTO VAL VALUES(68,current_timestamp, 16.70, '11423FFFDED44453');
INSERT INTO VAL VALUES(69,current_timestamp, 16.80, '11423FFFDED44453');
INSERT INTO VAL VALUES(70,current_timestamp, 16.90, '11423FFFDED44453');
INSERT INTO VAL VALUES(71,current_timestamp, 17.00, '11423FFFDED44453');
INSERT INTO VAL VALUES(72,current_timestamp, 17.10, '11423FFFDED44453');
INSERT INTO VAL VALUES(73,current_timestamp, 17.20, '11423FFFDED44453');
INSERT INTO VAL VALUES(74,current_timestamp, 17.30, '11423FFFDED44453');
INSERT INTO VAL VALUES(75,current_timestamp, 17.40, '11423FFFDED44453');
INSERT INTO VAL VALUES(76,current_timestamp, 17.50, '11423FFFDED44453');
INSERT INTO VAL VALUES(77,current_timestamp, 17.60, '11423FFFDED44453');
INSERT INTO VAL VALUES(78,current_timestamp, 17.70, '11423FFFDED44453');
INSERT INTO VAL VALUES(79,current_timestamp, 17.80, '11423FFFDED44453');
INSERT INTO VAL VALUES(80,current_timestamp, 17.90, '11423FFFDED44453');
INSERT INTO VAL VALUES(81,current_timestamp, 18.00, '11423FFFDED44453');
INSERT INTO VAL VALUES(82,current_timestamp, 18.10, '11423FFFDED44453');
INSERT INTO VAL VALUES(83,current_timestamp, 18.20, '11423FFFDED44453');
INSERT INTO VAL VALUES(84,current_timestamp, 18.30, '11423FFFDED44453');
INSERT INTO VAL VALUES(85,current_timestamp, 18.40, '11423FFFDED44453');
INSERT INTO VAL VALUES(86,current_timestamp, 18.50, '11423FFFDED44453');
INSERT INTO VAL VALUES(87,current_timestamp, 18.60, '11423FFFDED44453');
INSERT INTO VAL VALUES(88,current_timestamp, 18.70, '11423FFFDED44453');
INSERT INTO VAL VALUES(89,current_timestamp, 18.80, '11423FFFDED44453');
INSERT INTO VAL VALUES(90,current_timestamp, 18.90, '11423FFFDED44453');
INSERT INTO VAL VALUES(91,current_timestamp, 19.00, '11423FFFDED44453');
INSERT INTO VAL VALUES(92,current_timestamp, 19.10, '11423FFFDED44453');
INSERT INTO VAL VALUES(93,current_timestamp, 19.20, '11423FFFDED44453');
INSERT INTO VAL VALUES(94,current_timestamp, 19.30, '11423FFFDED44453');
INSERT INTO VAL VALUES(95,current_timestamp, 19.40, '11423FFFDED44453');
INSERT INTO VAL VALUES(96,current_timestamp, 19.50, '11423FFFDED44453');
INSERT INTO VAL VALUES(97,current_timestamp, 19.60, '11423FFFDED44453');
INSERT INTO VAL VALUES(98,current_timestamp, 19.70, '11423FFFDED44453');
INSERT INTO VAL VALUES(99,current_timestamp, 19.80, '11423FFFDED44453');
INSERT INTO VAL VALUES(100,current_timestamp, 19.90, '11423FFFDED44453');
INSERT INTO VAL VALUES(101,current_timestamp, 20.00, '99876AABBDA99765');
INSERT INTO VAL VALUES(102,current_timestamp, 19.90, '99876AABBDA99765');
INSERT INTO VAL VALUES(103,current_timestamp, 19.80, '99876AABBDA99765');
INSERT INTO VAL VALUES(104,current_timestamp, 19.70, '99876AABBDA99765');
INSERT INTO VAL VALUES(105,current_timestamp, 19.60, '99876AABBDA99765');
INSERT INTO VAL VALUES(106,current_timestamp, 19.50, '99876AABBDA99765');
INSERT INTO VAL VALUES(107,current_timestamp, 19.40, '99876AABBDA99765');
INSERT INTO VAL VALUES(108,current_timestamp, 19.30, '99876AABBDA99765');
INSERT INTO VAL VALUES(109,current_timestamp, 19.20, '99876AABBDA99765');
INSERT INTO VAL VALUES(110,current_timestamp, 19.10, '99876AABBDA99765');
INSERT INTO VAL VALUES(111,current_timestamp, 19.00, '99876AABBDA99765');
INSERT INTO VAL VALUES(112,current_timestamp, 18.90, '99876AABBDA99765');
INSERT INTO VAL VALUES(113,current_timestamp, 18.80, '99876AABBDA99765');
INSERT INTO VAL VALUES(114,current_timestamp, 18.70, '99876AABBDA99765');
INSERT INTO VAL VALUES(115,current_timestamp, 18.60, '99876AABBDA99765');
INSERT INTO VAL VALUES(116,current_timestamp, 18.50, '99876AABBDA99765');
INSERT INTO VAL VALUES(117,current_timestamp, 18.40, '99876AABBDA99765');
INSERT INTO VAL VALUES(118,current_timestamp, 18.30, '99876AABBDA99765');
INSERT INTO VAL VALUES(119,current_timestamp, 18.20, '99876AABBDA99765');
INSERT INTO VAL VALUES(120,current_timestamp, 18.10, '99876AABBDA99765');
INSERT INTO VAL VALUES(121,current_timestamp, 18.00, '99876AABBDA99765');
INSERT INTO VAL VALUES(122,current_timestamp, 17.90, '99876AABBDA99765');
INSERT INTO VAL VALUES(123,current_timestamp, 17.80, '99876AABBDA99765');
INSERT INTO VAL VALUES(124,current_timestamp, 17.70, '99876AABBDA99765');
INSERT INTO VAL VALUES(125,current_timestamp, 17.60, '99876AABBDA99765');
INSERT INTO VAL VALUES(126,current_timestamp, 17.50, '99876AABBDA99765');
INSERT INTO VAL VALUES(127,current_timestamp, 17.40, '99876AABBDA99765');
INSERT INTO VAL VALUES(128,current_timestamp, 17.30, '99876AABBDA99765');
INSERT INTO VAL VALUES(129,current_timestamp, 17.20, '99876AABBDA99765');
INSERT INTO VAL VALUES(130,current_timestamp, 17.10, '99876AABBDA99765');
INSERT INTO VAL VALUES(131,current_timestamp, 17.00, '99876AABBDA99765');
INSERT INTO VAL VALUES(132,current_timestamp, 16.90, '99876AABBDA99765');
INSERT INTO VAL VALUES(133,current_timestamp, 16.80, '99876AABBDA99765');
INSERT INTO VAL VALUES(134,current_timestamp, 16.70, '99876AABBDA99765');
INSERT INTO VAL VALUES(135,current_timestamp, 16.60, '99876AABBDA99765');
INSERT INTO VAL VALUES(136,current_timestamp, 16.50, '99876AABBDA99765');
INSERT INTO VAL VALUES(137,current_timestamp, 16.40, '99876AABBDA99765');
INSERT INTO VAL VALUES(138,current_timestamp, 16.30, '99876AABBDA99765');
INSERT INTO VAL VALUES(139,current_timestamp, 16.20, '99876AABBDA99765');
INSERT INTO VAL VALUES(140,current_timestamp, 16.10, '99876AABBDA99765');
INSERT INTO VAL VALUES(141,current_timestamp, 16.00, '99876AABBDA99765');
INSERT INTO VAL VALUES(142,current_timestamp, 15.90, '99876AABBDA99765');
INSERT INTO VAL VALUES(143,current_timestamp, 15.80, '99876AABBDA99765');
INSERT INTO VAL VALUES(144,current_timestamp, 15.70, '99876AABBDA99765');
INSERT INTO VAL VALUES(145,current_timestamp, 15.60, '99876AABBDA99765');
INSERT INTO VAL VALUES(146,current_timestamp, 15.50, '99876AABBDA99765');
INSERT INTO VAL VALUES(147,current_timestamp, 15.40, '99876AABBDA99765');
INSERT INTO VAL VALUES(148,current_timestamp, 15.30, '99876AABBDA99765');
INSERT INTO VAL VALUES(149,current_timestamp, 15.20, '99876AABBDA99765');
INSERT INTO VAL VALUES(150,current_timestamp, 15.10, '99876AABBDA99765');
INSERT INTO VAL VALUES(151,current_timestamp, 15.00, '99876AABBDA99765');
INSERT INTO VAL VALUES(152,current_timestamp, 14.90, '99876AABBDA99765');
INSERT INTO VAL VALUES(153,current_timestamp, 14.80, '99876AABBDA99765');
INSERT INTO VAL VALUES(154,current_timestamp, 14.70, '99876AABBDA99765');
INSERT INTO VAL VALUES(155,current_timestamp, 14.60, '99876AABBDA99765');
INSERT INTO VAL VALUES(156,current_timestamp, 14.50, '99876AABBDA99765');
INSERT INTO VAL VALUES(157,current_timestamp, 14.40, '99876AABBDA99765');
INSERT INTO VAL VALUES(158,current_timestamp, 14.30, '99876AABBDA99765');
INSERT INTO VAL VALUES(159,current_timestamp, 14.20, '99876AABBDA99765');
INSERT INTO VAL VALUES(160,current_timestamp, 14.10, '99876AABBDA99765');
INSERT INTO VAL VALUES(161,current_timestamp, 14.00, '99876AABBDA99765');
INSERT INTO VAL VALUES(162,current_timestamp, 13.90, '99876AABBDA99765');
INSERT INTO VAL VALUES(163,current_timestamp, 13.80, '99876AABBDA99765');
INSERT INTO VAL VALUES(164,current_timestamp, 13.70, '99876AABBDA99765');
INSERT INTO VAL VALUES(165,current_timestamp, 13.60, '99876AABBDA99765');
INSERT INTO VAL VALUES(166,current_timestamp, 13.50, '99876AABBDA99765');
INSERT INTO VAL VALUES(167,current_timestamp, 13.40, '99876AABBDA99765');
INSERT INTO VAL VALUES(168,current_timestamp, 13.30, '99876AABBDA99765');
INSERT INTO VAL VALUES(169,current_timestamp, 13.20, '99876AABBDA99765');
INSERT INTO VAL VALUES(170,current_timestamp, 13.10, '99876AABBDA99765');
INSERT INTO VAL VALUES(171,current_timestamp, 13.00, '99876AABBDA99765');
INSERT INTO VAL VALUES(172,current_timestamp, 12.90, '99876AABBDA99765');
INSERT INTO VAL VALUES(173,current_timestamp, 12.80, '99876AABBDA99765');
INSERT INTO VAL VALUES(174,current_timestamp, 12.70, '99876AABBDA99765');
INSERT INTO VAL VALUES(175,current_timestamp, 12.60, '99876AABBDA99765');
INSERT INTO VAL VALUES(176,current_timestamp, 12.50, '99876AABBDA99765');
INSERT INTO VAL VALUES(177,current_timestamp, 12.40, '99876AABBDA99765');
INSERT INTO VAL VALUES(178,current_timestamp, 12.30, '99876AABBDA99765');
INSERT INTO VAL VALUES(179,current_timestamp, 12.20, '99876AABBDA99765');
INSERT INTO VAL VALUES(180,current_timestamp, 12.10, '99876AABBDA99765');
INSERT INTO VAL VALUES(181,current_timestamp, 12.00, '99876AABBDA99765');
INSERT INTO VAL VALUES(182,current_timestamp, 11.90, '99876AABBDA99765');
INSERT INTO VAL VALUES(183,current_timestamp, 11.80, '99876AABBDA99765');
INSERT INTO VAL VALUES(184,current_timestamp, 11.70, '99876AABBDA99765');
INSERT INTO VAL VALUES(185,current_timestamp, 11.60, '99876AABBDA99765');
INSERT INTO VAL VALUES(186,current_timestamp, 11.50, '99876AABBDA99765');
INSERT INTO VAL VALUES(187,current_timestamp, 11.40, '99876AABBDA99765');
INSERT INTO VAL VALUES(188,current_timestamp, 11.30, '99876AABBDA99765');
INSERT INTO VAL VALUES(189,current_timestamp, 11.20, '99876AABBDA99765');
INSERT INTO VAL VALUES(190,current_timestamp, 11.10, '99876AABBDA99765');
INSERT INTO VAL VALUES(191,current_timestamp, 11.00, '99876AABBDA99765');
INSERT INTO VAL VALUES(192,current_timestamp, 10.90, '99876AABBDA99765');
INSERT INTO VAL VALUES(193,current_timestamp, 10.80, '99876AABBDA99765');
INSERT INTO VAL VALUES(194,current_timestamp, 10.70, '99876AABBDA99765');
INSERT INTO VAL VALUES(195,current_timestamp, 10.60, '99876AABBDA99765');
INSERT INTO VAL VALUES(196,current_timestamp, 10.50, '99876AABBDA99765');
INSERT INTO VAL VALUES(197,current_timestamp, 10.40, '99876AABBDA99765');
INSERT INTO VAL VALUES(198,current_timestamp, 10.30, '99876AABBDA99765');
INSERT INTO VAL VALUES(199,current_timestamp, 10.20, '99876AABBDA99765');
INSERT INTO VAL VALUES(200,current_timestamp, 10.10, '99876AABBDA99765');
INSERT INTO VAL VALUES(201,current_timestamp, 10.00, '00955DDDFAC33212');
INSERT INTO VAL VALUES(202,current_timestamp, 10.10, '00955DDDFAC33212');
INSERT INTO VAL VALUES(203,current_timestamp, 10.20, '00955DDDFAC33212');
INSERT INTO VAL VALUES(204,current_timestamp, 10.30, '00955DDDFAC33212');
INSERT INTO VAL VALUES(205,current_timestamp, 10.40, '00955DDDFAC33212');
INSERT INTO VAL VALUES(206,current_timestamp, 10.50, '00955DDDFAC33212');
INSERT INTO VAL VALUES(207,current_timestamp, 10.60, '00955DDDFAC33212');
INSERT INTO VAL VALUES(208,current_timestamp, 10.70, '00955DDDFAC33212');
INSERT INTO VAL VALUES(209,current_timestamp, 10.80, '00955DDDFAC33212');
INSERT INTO VAL VALUES(210,current_timestamp, 10.90, '00955DDDFAC33212');
INSERT INTO VAL VALUES(211,current_timestamp, 11.00, '00955DDDFAC33212');
INSERT INTO VAL VALUES(212,current_timestamp, 11.10, '00955DDDFAC33212');
INSERT INTO VAL VALUES(213,current_timestamp, 11.20, '00955DDDFAC33212');
INSERT INTO VAL VALUES(214,current_timestamp, 11.30, '00955DDDFAC33212');
INSERT INTO VAL VALUES(215,current_timestamp, 11.40, '00955DDDFAC33212');
INSERT INTO VAL VALUES(216,current_timestamp, 11.50, '00955DDDFAC33212');
INSERT INTO VAL VALUES(217,current_timestamp, 11.60, '00955DDDFAC33212');
INSERT INTO VAL VALUES(218,current_timestamp, 11.70, '00955DDDFAC33212');
INSERT INTO VAL VALUES(219,current_timestamp, 11.80, '00955DDDFAC33212');
INSERT INTO VAL VALUES(220,current_timestamp, 11.90, '00955DDDFAC33212');
INSERT INTO VAL VALUES(221,current_timestamp, 12.00, '00955DDDFAC33212');
INSERT INTO VAL VALUES(222,current_timestamp, 12.10, '00955DDDFAC33212');
INSERT INTO VAL VALUES(223,current_timestamp, 12.20, '00955DDDFAC33212');
INSERT INTO VAL VALUES(224,current_timestamp, 12.30, '00955DDDFAC33212');
INSERT INTO VAL VALUES(225,current_timestamp, 12.40, '00955DDDFAC33212');
INSERT INTO VAL VALUES(226,current_timestamp, 12.50, '00955DDDFAC33212');
INSERT INTO VAL VALUES(227,current_timestamp, 12.60, '00955DDDFAC33212');
INSERT INTO VAL VALUES(228,current_timestamp, 12.70, '00955DDDFAC33212');
INSERT INTO VAL VALUES(229,current_timestamp, 12.80, '00955DDDFAC33212');
INSERT INTO VAL VALUES(230,current_timestamp, 12.90, '00955DDDFAC33212');
INSERT INTO VAL VALUES(231,current_timestamp, 13.00, '00955DDDFAC33212');
INSERT INTO VAL VALUES(232,current_timestamp, 13.10, '00955DDDFAC33212');
INSERT INTO VAL VALUES(233,current_timestamp, 13.20, '00955DDDFAC33212');
INSERT INTO VAL VALUES(234,current_timestamp, 13.30, '00955DDDFAC33212');
INSERT INTO VAL VALUES(235,current_timestamp, 13.40, '00955DDDFAC33212');
INSERT INTO VAL VALUES(236,current_timestamp, 13.50, '00955DDDFAC33212');
INSERT INTO VAL VALUES(237,current_timestamp, 13.60, '00955DDDFAC33212');
INSERT INTO VAL VALUES(238,current_timestamp, 13.70, '00955DDDFAC33212');
INSERT INTO VAL VALUES(239,current_timestamp, 13.80, '00955DDDFAC33212');
INSERT INTO VAL VALUES(240,current_timestamp, 13.90, '00955DDDFAC33212');
INSERT INTO VAL VALUES(241,current_timestamp, 14.00, '00955DDDFAC33212');
INSERT INTO VAL VALUES(242,current_timestamp, 14.10, '00955DDDFAC33212');
INSERT INTO VAL VALUES(243,current_timestamp, 14.20, '00955DDDFAC33212');
INSERT INTO VAL VALUES(244,current_timestamp, 14.30, '00955DDDFAC33212');
INSERT INTO VAL VALUES(245,current_timestamp, 14.40, '00955DDDFAC33212');
INSERT INTO VAL VALUES(246,current_timestamp, 14.50, '00955DDDFAC33212');
INSERT INTO VAL VALUES(247,current_timestamp, 14.60, '00955DDDFAC33212');
INSERT INTO VAL VALUES(248,current_timestamp, 14.70, '00955DDDFAC33212');
INSERT INTO VAL VALUES(249,current_timestamp, 14.80, '00955DDDFAC33212');
INSERT INTO VAL VALUES(250,current_timestamp, 14.90, '00955DDDFAC33212');
INSERT INTO VAL VALUES(251,current_timestamp, 15.00, '00955DDDFAC33212');
INSERT INTO VAL VALUES(252,current_timestamp, 15.10, '00955DDDFAC33212');
INSERT INTO VAL VALUES(253,current_timestamp, 15.20, '00955DDDFAC33212');
INSERT INTO VAL VALUES(254,current_timestamp, 15.30, '00955DDDFAC33212');
INSERT INTO VAL VALUES(255,current_timestamp, 15.40, '00955DDDFAC33212');
INSERT INTO VAL VALUES(256,current_timestamp, 15.50, '00955DDDFAC33212');
INSERT INTO VAL VALUES(257,current_timestamp, 15.60, '00955DDDFAC33212');
INSERT INTO VAL VALUES(258,current_timestamp, 15.70, '00955DDDFAC33212');
INSERT INTO VAL VALUES(259,current_timestamp, 15.80, '00955DDDFAC33212');
INSERT INTO VAL VALUES(260,current_timestamp, 15.90, '00955DDDFAC33212');
INSERT INTO VAL VALUES(261,current_timestamp, 16.00, '00955DDDFAC33212');
INSERT INTO VAL VALUES(262,current_timestamp, 16.10, '00955DDDFAC33212');
INSERT INTO VAL VALUES(263,current_timestamp, 16.20, '00955DDDFAC33212');
INSERT INTO VAL VALUES(264,current_timestamp, 16.30, '00955DDDFAC33212');
INSERT INTO VAL VALUES(265,current_timestamp, 16.40, '00955DDDFAC33212');
INSERT INTO VAL VALUES(266,current_timestamp, 16.50, '00955DDDFAC33212');
INSERT INTO VAL VALUES(267,current_timestamp, 16.60, '00955DDDFAC33212');
INSERT INTO VAL VALUES(268,current_timestamp, 16.70, '00955DDDFAC33212');
INSERT INTO VAL VALUES(269,current_timestamp, 16.80, '00955DDDFAC33212');
INSERT INTO VAL VALUES(270,current_timestamp, 16.90, '00955DDDFAC33212');
INSERT INTO VAL VALUES(271,current_timestamp, 17.00, '00955DDDFAC33212');
INSERT INTO VAL VALUES(272,current_timestamp, 17.10, '00955DDDFAC33212');
INSERT INTO VAL VALUES(273,current_timestamp, 17.20, '00955DDDFAC33212');
INSERT INTO VAL VALUES(274,current_timestamp, 17.30, '00955DDDFAC33212');
INSERT INTO VAL VALUES(275,current_timestamp, 17.40, '00955DDDFAC33212');
INSERT INTO VAL VALUES(276,current_timestamp, 17.50, '00955DDDFAC33212');
INSERT INTO VAL VALUES(277,current_timestamp, 17.60, '00955DDDFAC33212');
INSERT INTO VAL VALUES(278,current_timestamp, 17.70, '00955DDDFAC33212');
INSERT INTO VAL VALUES(279,current_timestamp, 17.80, '00955DDDFAC33212');
INSERT INTO VAL VALUES(280,current_timestamp, 17.90, '00955DDDFAC33212');
INSERT INTO VAL VALUES(281,current_timestamp, 18.00, '00955DDDFAC33212');
INSERT INTO VAL VALUES(282,current_timestamp, 18.10, '00955DDDFAC33212');
INSERT INTO VAL VALUES(283,current_timestamp, 18.20, '00955DDDFAC33212');
INSERT INTO VAL VALUES(284,current_timestamp, 18.30, '00955DDDFAC33212');
INSERT INTO VAL VALUES(285,current_timestamp, 18.40, '00955DDDFAC33212');
INSERT INTO VAL VALUES(286,current_timestamp, 18.50, '00955DDDFAC33212');
INSERT INTO VAL VALUES(287,current_timestamp, 18.60, '00955DDDFAC33212');
INSERT INTO VAL VALUES(288,current_timestamp, 18.70, '00955DDDFAC33212');
INSERT INTO VAL VALUES(289,current_timestamp, 18.80, '00955DDDFAC33212');
INSERT INTO VAL VALUES(290,current_timestamp, 18.90, '00955DDDFAC33212');
INSERT INTO VAL VALUES(291,current_timestamp, 19.00, '00955DDDFAC33212');
INSERT INTO VAL VALUES(292,current_timestamp, 19.10, '00955DDDFAC33212');
INSERT INTO VAL VALUES(293,current_timestamp, 19.20, '00955DDDFAC33212');
INSERT INTO VAL VALUES(294,current_timestamp, 19.30, '00955DDDFAC33212');
INSERT INTO VAL VALUES(295,current_timestamp, 19.40, '00955DDDFAC33212');
INSERT INTO VAL VALUES(296,current_timestamp, 19.50, '00955DDDFAC33212');
INSERT INTO VAL VALUES(297,current_timestamp, 19.60, '00955DDDFAC33212');
INSERT INTO VAL VALUES(298,current_timestamp, 19.70, '00955DDDFAC33212');
INSERT INTO VAL VALUES(299,current_timestamp, 19.80, '00955DDDFAC33212');
INSERT INTO VAL VALUES(300,current_timestamp, 19.90, '00955DDDFAC33212');
INSERT INTO VAL VALUES(301,current_timestamp, 15.00, '005839DDADBCCABA');
INSERT INTO VAL VALUES(302,current_timestamp, 15.20, '005839DDADBCCABA');
INSERT INTO VAL VALUES(303,current_timestamp, 15.40, '005839DDADBCCABA');
INSERT INTO VAL VALUES(304,current_timestamp, 15.60, '005839DDADBCCABA');
INSERT INTO VAL VALUES(305,current_timestamp, 15.80, '005839DDADBCCABA');
INSERT INTO VAL VALUES(306,current_timestamp, 16.00, '005839DDADBCCABA');
INSERT INTO VAL VALUES(307,current_timestamp, 16.20, '005839DDADBCCABA');
INSERT INTO VAL VALUES(308,current_timestamp, 16.40, '005839DDADBCCABA');
INSERT INTO VAL VALUES(309,current_timestamp, 16.60, '005839DDADBCCABA');
INSERT INTO VAL VALUES(310,current_timestamp, 16.80, '005839DDADBCCABA');
INSERT INTO VAL VALUES(311,current_timestamp, 17.00, '005839DDADBCCABA');
INSERT INTO VAL VALUES(312,current_timestamp, 17.20, '005839DDADBCCABA');
INSERT INTO VAL VALUES(313,current_timestamp, 17.40, '005839DDADBCCABA');
INSERT INTO VAL VALUES(314,current_timestamp, 17.60, '005839DDADBCCABA');
INSERT INTO VAL VALUES(315,current_timestamp, 17.80, '005839DDADBCCABA');
INSERT INTO VAL VALUES(316,current_timestamp, 18.00, '005839DDADBCCABA');
INSERT INTO VAL VALUES(317,current_timestamp, 18.20, '005839DDADBCCABA');
INSERT INTO VAL VALUES(318,current_timestamp, 18.40, '005839DDADBCCABA');
INSERT INTO VAL VALUES(319,current_timestamp, 18.60, '005839DDADBCCABA');
INSERT INTO VAL VALUES(320,current_timestamp, 18.80, '005839DDADBCCABA');
INSERT INTO VAL VALUES(321,current_timestamp, 19.00, '005839DDADBCCABA');
INSERT INTO VAL VALUES(322,current_timestamp, 19.20, '005839DDADBCCABA');
INSERT INTO VAL VALUES(323,current_timestamp, 19.40, '005839DDADBCCABA');
INSERT INTO VAL VALUES(324,current_timestamp, 19.60, '005839DDADBCCABA');
INSERT INTO VAL VALUES(325,current_timestamp, 19.80, '005839DDADBCCABA');
INSERT INTO VAL VALUES(326,current_timestamp, 20.00, '005839DDADBCCABA');
INSERT INTO VAL VALUES(327,current_timestamp, 20.20, '005839DDADBCCABA');
INSERT INTO VAL VALUES(328,current_timestamp, 20.40, '005839DDADBCCABA');
INSERT INTO VAL VALUES(329,current_timestamp, 20.60, '005839DDADBCCABA');
INSERT INTO VAL VALUES(330,current_timestamp, 20.80, '005839DDADBCCABA');
INSERT INTO VAL VALUES(331,current_timestamp, 21.00, '005839DDADBCCABA');
INSERT INTO VAL VALUES(332,current_timestamp, 21.20, '005839DDADBCCABA');
INSERT INTO VAL VALUES(333,current_timestamp, 21.40, '005839DDADBCCABA');
INSERT INTO VAL VALUES(334,current_timestamp, 21.60, '005839DDADBCCABA');
INSERT INTO VAL VALUES(335,current_timestamp, 21.80, '005839DDADBCCABA');
INSERT INTO VAL VALUES(336,current_timestamp, 22.00, '005839DDADBCCABA');
INSERT INTO VAL VALUES(337,current_timestamp, 22.20, '005839DDADBCCABA');
INSERT INTO VAL VALUES(338,current_timestamp, 22.40, '005839DDADBCCABA');
INSERT INTO VAL VALUES(339,current_timestamp, 22.60, '005839DDADBCCABA');
INSERT INTO VAL VALUES(340,current_timestamp, 22.80, '005839DDADBCCABA');
INSERT INTO VAL VALUES(341,current_timestamp, 23.00, '005839DDADBCCABA');
INSERT INTO VAL VALUES(342,current_timestamp, 23.20, '005839DDADBCCABA');
INSERT INTO VAL VALUES(343,current_timestamp, 23.40, '005839DDADBCCABA');
INSERT INTO VAL VALUES(344,current_timestamp, 23.60, '005839DDADBCCABA');
INSERT INTO VAL VALUES(345,current_timestamp, 23.80, '005839DDADBCCABA');
INSERT INTO VAL VALUES(346,current_timestamp, 24.00, '005839DDADBCCABA');
INSERT INTO VAL VALUES(347,current_timestamp, 24.20, '005839DDADBCCABA');
INSERT INTO VAL VALUES(348,current_timestamp, 24.40, '005839DDADBCCABA');
INSERT INTO VAL VALUES(349,current_timestamp, 24.60, '005839DDADBCCABA');
INSERT INTO VAL VALUES(350,current_timestamp, 24.80, '005839DDADBCCABA');
INSERT INTO VAL VALUES(351,current_timestamp, 25.00, '005839DDADBCCABA');
INSERT INTO VAL VALUES(352,current_timestamp, 25.20, '005839DDADBCCABA');
INSERT INTO VAL VALUES(353,current_timestamp, 25.40, '005839DDADBCCABA');
INSERT INTO VAL VALUES(354,current_timestamp, 25.60, '005839DDADBCCABA');
INSERT INTO VAL VALUES(355,current_timestamp, 25.80, '005839DDADBCCABA');
INSERT INTO VAL VALUES(356,current_timestamp, 26.00, '005839DDADBCCABA');
INSERT INTO VAL VALUES(357,current_timestamp, 26.20, '005839DDADBCCABA');
INSERT INTO VAL VALUES(358,current_timestamp, 26.40, '005839DDADBCCABA');
INSERT INTO VAL VALUES(359,current_timestamp, 26.60, '005839DDADBCCABA');
INSERT INTO VAL VALUES(360,current_timestamp, 26.80, '005839DDADBCCABA');
INSERT INTO VAL VALUES(361,current_timestamp, 27.00, '005839DDADBCCABA');
INSERT INTO VAL VALUES(362,current_timestamp, 27.20, '005839DDADBCCABA');
INSERT INTO VAL VALUES(363,current_timestamp, 27.40, '005839DDADBCCABA');
INSERT INTO VAL VALUES(364,current_timestamp, 27.60, '005839DDADBCCABA');
INSERT INTO VAL VALUES(365,current_timestamp, 27.80, '005839DDADBCCABA');
INSERT INTO VAL VALUES(366,current_timestamp, 28.00, '005839DDADBCCABA');
INSERT INTO VAL VALUES(367,current_timestamp, 28.20, '005839DDADBCCABA');
INSERT INTO VAL VALUES(368,current_timestamp, 28.40, '005839DDADBCCABA');
INSERT INTO VAL VALUES(369,current_timestamp, 28.60, '005839DDADBCCABA');
INSERT INTO VAL VALUES(370,current_timestamp, 28.80, '005839DDADBCCABA');
INSERT INTO VAL VALUES(371,current_timestamp, 29.00, '005839DDADBCCABA');
INSERT INTO VAL VALUES(372,current_timestamp, 29.20, '005839DDADBCCABA');
INSERT INTO VAL VALUES(373,current_timestamp, 29.40, '005839DDADBCCABA');
INSERT INTO VAL VALUES(374,current_timestamp, 29.60, '005839DDADBCCABA');
INSERT INTO VAL VALUES(375,current_timestamp, 29.80, '005839DDADBCCABA');
INSERT INTO VAL VALUES(376,current_timestamp, 30.00, '005839DDADBCCABA');
INSERT INTO VAL VALUES(377,current_timestamp, 30.20, '005839DDADBCCABA');
INSERT INTO VAL VALUES(378,current_timestamp, 30.40, '005839DDADBCCABA');
INSERT INTO VAL VALUES(379,current_timestamp, 30.60, '005839DDADBCCABA');
INSERT INTO VAL VALUES(380,current_timestamp, 30.80, '005839DDADBCCABA');
INSERT INTO VAL VALUES(381,current_timestamp, 31.00, '005839DDADBCCABA');
INSERT INTO VAL VALUES(382,current_timestamp, 31.20, '005839DDADBCCABA');
INSERT INTO VAL VALUES(383,current_timestamp, 31.40, '005839DDADBCCABA');
INSERT INTO VAL VALUES(384,current_timestamp, 31.60, '005839DDADBCCABA');
INSERT INTO VAL VALUES(385,current_timestamp, 31.80, '005839DDADBCCABA');
INSERT INTO VAL VALUES(386,current_timestamp, 32.00, '005839DDADBCCABA');
INSERT INTO VAL VALUES(387,current_timestamp, 32.20, '005839DDADBCCABA');
INSERT INTO VAL VALUES(388,current_timestamp, 32.40, '005839DDADBCCABA');
INSERT INTO VAL VALUES(389,current_timestamp, 32.60, '005839DDADBCCABA');
INSERT INTO VAL VALUES(390,current_timestamp, 32.80, '005839DDADBCCABA');
INSERT INTO VAL VALUES(391,current_timestamp, 33.00, '005839DDADBCCABA');
INSERT INTO VAL VALUES(392,current_timestamp, 33.20, '005839DDADBCCABA');
INSERT INTO VAL VALUES(393,current_timestamp, 33.40, '005839DDADBCCABA');
INSERT INTO VAL VALUES(394,current_timestamp, 33.60, '005839DDADBCCABA');
INSERT INTO VAL VALUES(395,current_timestamp, 33.80, '005839DDADBCCABA');
INSERT INTO VAL VALUES(396,current_timestamp, 34.00, '005839DDADBCCABA');
INSERT INTO VAL VALUES(397,current_timestamp, 34.20, '005839DDADBCCABA');
INSERT INTO VAL VALUES(398,current_timestamp, 34.40, '005839DDADBCCABA');
INSERT INTO VAL VALUES(399,current_timestamp, 34.60, '005839DDADBCCABA');
INSERT INTO VAL VALUES(400,current_timestamp, 34.80, '005839DDADBCCABA');
INSERT INTO VAL VALUES(401,current_timestamp, 10.00, 'AACACACA44335543');
INSERT INTO VAL VALUES(402,current_timestamp, 10.10, 'AACACACA44335543');
INSERT INTO VAL VALUES(403,current_timestamp, 10.20, 'AACACACA44335543');
INSERT INTO VAL VALUES(404,current_timestamp, 10.30, 'AACACACA44335543');
INSERT INTO VAL VALUES(405,current_timestamp, 10.40, 'AACACACA44335543');
INSERT INTO VAL VALUES(406,current_timestamp, 10.50, 'AACACACA44335543');
INSERT INTO VAL VALUES(407,current_timestamp, 10.60, 'AACACACA44335543');
INSERT INTO VAL VALUES(408,current_timestamp, 10.70, 'AACACACA44335543');
INSERT INTO VAL VALUES(409,current_timestamp, 10.80, 'AACACACA44335543');
INSERT INTO VAL VALUES(410,current_timestamp, 10.90, 'AACACACA44335543');
INSERT INTO VAL VALUES(411,current_timestamp, 11.00, 'AACACACA44335543');
INSERT INTO VAL VALUES(412,current_timestamp, 11.10, 'AACACACA44335543');
INSERT INTO VAL VALUES(413,current_timestamp, 11.20, 'AACACACA44335543');
INSERT INTO VAL VALUES(414,current_timestamp, 11.30, 'AACACACA44335543');
INSERT INTO VAL VALUES(415,current_timestamp, 11.40, 'AACACACA44335543');
INSERT INTO VAL VALUES(416,current_timestamp, 11.50, 'AACACACA44335543');
INSERT INTO VAL VALUES(417,current_timestamp, 11.60, 'AACACACA44335543');
INSERT INTO VAL VALUES(418,current_timestamp, 11.70, 'AACACACA44335543');
INSERT INTO VAL VALUES(419,current_timestamp, 11.80, 'AACACACA44335543');
INSERT INTO VAL VALUES(420,current_timestamp, 11.90, 'AACACACA44335543');
INSERT INTO VAL VALUES(421,current_timestamp, 12.00, 'AACACACA44335543');
INSERT INTO VAL VALUES(422,current_timestamp, 12.10, 'AACACACA44335543');
INSERT INTO VAL VALUES(423,current_timestamp, 12.20, 'AACACACA44335543');
INSERT INTO VAL VALUES(424,current_timestamp, 12.30, 'AACACACA44335543');
INSERT INTO VAL VALUES(425,current_timestamp, 12.40, 'AACACACA44335543');
INSERT INTO VAL VALUES(426,current_timestamp, 12.50, 'AACACACA44335543');
INSERT INTO VAL VALUES(427,current_timestamp, 12.60, 'AACACACA44335543');
INSERT INTO VAL VALUES(428,current_timestamp, 12.70, 'AACACACA44335543');
INSERT INTO VAL VALUES(429,current_timestamp, 12.80, 'AACACACA44335543');
INSERT INTO VAL VALUES(430,current_timestamp, 12.90, 'AACACACA44335543');
INSERT INTO VAL VALUES(431,current_timestamp, 13.00, 'AACACACA44335543');
INSERT INTO VAL VALUES(432,current_timestamp, 13.10, 'AACACACA44335543');
INSERT INTO VAL VALUES(433,current_timestamp, 13.20, 'AACACACA44335543');
INSERT INTO VAL VALUES(434,current_timestamp, 13.30, 'AACACACA44335543');
INSERT INTO VAL VALUES(435,current_timestamp, 13.40, 'AACACACA44335543');
INSERT INTO VAL VALUES(436,current_timestamp, 13.50, 'AACACACA44335543');
INSERT INTO VAL VALUES(437,current_timestamp, 13.60, 'AACACACA44335543');
INSERT INTO VAL VALUES(438,current_timestamp, 13.70, 'AACACACA44335543');
INSERT INTO VAL VALUES(439,current_timestamp, 13.80, 'AACACACA44335543');
INSERT INTO VAL VALUES(440,current_timestamp, 13.90, 'AACACACA44335543');
INSERT INTO VAL VALUES(441,current_timestamp, 14.00, 'AACACACA44335543');
INSERT INTO VAL VALUES(442,current_timestamp, 14.10, 'AACACACA44335543');
INSERT INTO VAL VALUES(443,current_timestamp, 14.20, 'AACACACA44335543');
INSERT INTO VAL VALUES(444,current_timestamp, 14.30, 'AACACACA44335543');
INSERT INTO VAL VALUES(445,current_timestamp, 14.40, 'AACACACA44335543');
INSERT INTO VAL VALUES(446,current_timestamp, 14.50, 'AACACACA44335543');
INSERT INTO VAL VALUES(447,current_timestamp, 14.60, 'AACACACA44335543');
INSERT INTO VAL VALUES(448,current_timestamp, 14.70, 'AACACACA44335543');
INSERT INTO VAL VALUES(449,current_timestamp, 14.80, 'AACACACA44335543');
INSERT INTO VAL VALUES(450,current_timestamp, 14.90, 'AACACACA44335543');
INSERT INTO VAL VALUES(451,current_timestamp, 15.00, 'AACACACA44335543');
INSERT INTO VAL VALUES(452,current_timestamp, 15.10, 'AACACACA44335543');
INSERT INTO VAL VALUES(453,current_timestamp, 15.20, 'AACACACA44335543');
INSERT INTO VAL VALUES(454,current_timestamp, 15.30, 'AACACACA44335543');
INSERT INTO VAL VALUES(455,current_timestamp, 15.40, 'AACACACA44335543');
INSERT INTO VAL VALUES(456,current_timestamp, 15.50, 'AACACACA44335543');
INSERT INTO VAL VALUES(457,current_timestamp, 15.60, 'AACACACA44335543');
INSERT INTO VAL VALUES(458,current_timestamp, 15.70, 'AACACACA44335543');
INSERT INTO VAL VALUES(459,current_timestamp, 15.80, 'AACACACA44335543');
INSERT INTO VAL VALUES(460,current_timestamp, 15.90, 'AACACACA44335543');
INSERT INTO VAL VALUES(461,current_timestamp, 16.00, 'AACACACA44335543');
INSERT INTO VAL VALUES(462,current_timestamp, 16.10, 'AACACACA44335543');
INSERT INTO VAL VALUES(463,current_timestamp, 16.20, 'AACACACA44335543');
INSERT INTO VAL VALUES(464,current_timestamp, 16.30, 'AACACACA44335543');
INSERT INTO VAL VALUES(465,current_timestamp, 16.40, 'AACACACA44335543');
INSERT INTO VAL VALUES(466,current_timestamp, 16.50, 'AACACACA44335543');
INSERT INTO VAL VALUES(467,current_timestamp, 16.60, 'AACACACA44335543');
INSERT INTO VAL VALUES(468,current_timestamp, 16.70, 'AACACACA44335543');
INSERT INTO VAL VALUES(469,current_timestamp, 16.80, 'AACACACA44335543');
INSERT INTO VAL VALUES(470,current_timestamp, 16.90, 'AACACACA44335543');
INSERT INTO VAL VALUES(471,current_timestamp, 17.00, 'AACACACA44335543');
INSERT INTO VAL VALUES(472,current_timestamp, 17.10, 'AACACACA44335543');
INSERT INTO VAL VALUES(473,current_timestamp, 17.20, 'AACACACA44335543');
INSERT INTO VAL VALUES(474,current_timestamp, 17.30, 'AACACACA44335543');
INSERT INTO VAL VALUES(475,current_timestamp, 17.40, 'AACACACA44335543');
INSERT INTO VAL VALUES(476,current_timestamp, 17.50, 'AACACACA44335543');
INSERT INTO VAL VALUES(477,current_timestamp, 17.60, 'AACACACA44335543');
INSERT INTO VAL VALUES(478,current_timestamp, 17.70, 'AACACACA44335543');
INSERT INTO VAL VALUES(479,current_timestamp, 17.80, 'AACACACA44335543');
INSERT INTO VAL VALUES(480,current_timestamp, 17.90, 'AACACACA44335543');
INSERT INTO VAL VALUES(481,current_timestamp, 18.00, 'AACACACA44335543');
INSERT INTO VAL VALUES(482,current_timestamp, 18.10, 'AACACACA44335543');
INSERT INTO VAL VALUES(483,current_timestamp, 18.20, 'AACACACA44335543');
INSERT INTO VAL VALUES(484,current_timestamp, 18.30, 'AACACACA44335543');
INSERT INTO VAL VALUES(485,current_timestamp, 18.40, 'AACACACA44335543');
INSERT INTO VAL VALUES(486,current_timestamp, 18.50, 'AACACACA44335543');
INSERT INTO VAL VALUES(487,current_timestamp, 18.60, 'AACACACA44335543');
INSERT INTO VAL VALUES(488,current_timestamp, 18.70, 'AACACACA44335543');
INSERT INTO VAL VALUES(489,current_timestamp, 18.80, 'AACACACA44335543');
INSERT INTO VAL VALUES(490,current_timestamp, 18.90, 'AACACACA44335543');
INSERT INTO VAL VALUES(491,current_timestamp, 19.00, 'AACACACA44335543');
INSERT INTO VAL VALUES(492,current_timestamp, 19.10, 'AACACACA44335543');
INSERT INTO VAL VALUES(493,current_timestamp, 19.20, 'AACACACA44335543');
INSERT INTO VAL VALUES(494,current_timestamp, 19.30, 'AACACACA44335543');
INSERT INTO VAL VALUES(495,current_timestamp, 19.40, 'AACACACA44335543');
INSERT INTO VAL VALUES(496,current_timestamp, 19.50, 'AACACACA44335543');
INSERT INTO VAL VALUES(497,current_timestamp, 19.60, 'AACACACA44335543');
INSERT INTO VAL VALUES(498,current_timestamp, 19.70, 'AACACACA44335543');
INSERT INTO VAL VALUES(499,current_timestamp, 19.80, 'AACACACA44335543');
INSERT INTO VAL VALUES(500,current_timestamp, 19.90, 'AACACACA44335543');
INSERT INTO VAL VALUES(501,current_timestamp, 50.00, '00450AAAABBBABAB');
INSERT INTO VAL VALUES(502,current_timestamp, 49.40, '00450AAAABBBABAB');
INSERT INTO VAL VALUES(503,current_timestamp, 48.80, '00450AAAABBBABAB');
INSERT INTO VAL VALUES(504,current_timestamp, 48.20, '00450AAAABBBABAB');
INSERT INTO VAL VALUES(505,current_timestamp, 47.60, '00450AAAABBBABAB');
INSERT INTO VAL VALUES(506,current_timestamp, 47.00, '00450AAAABBBABAB');
INSERT INTO VAL VALUES(507,current_timestamp, 46.40, '00450AAAABBBABAB');
INSERT INTO VAL VALUES(508,current_timestamp, 45.80, '00450AAAABBBABAB');
INSERT INTO VAL VALUES(509,current_timestamp, 45.20, '00450AAAABBBABAB');
INSERT INTO VAL VALUES(510,current_timestamp, 44.60, '00450AAAABBBABAB');
INSERT INTO VAL VALUES(511,current_timestamp, 44.00, '00450AAAABBBABAB');
INSERT INTO VAL VALUES(512,current_timestamp, 43.40, '00450AAAABBBABAB');
INSERT INTO VAL VALUES(513,current_timestamp, 42.80, '00450AAAABBBABAB');
INSERT INTO VAL VALUES(514,current_timestamp, 42.20, '00450AAAABBBABAB');
INSERT INTO VAL VALUES(515,current_timestamp, 41.60, '00450AAAABBBABAB');
INSERT INTO VAL VALUES(516,current_timestamp, 41.00, '00450AAAABBBABAB');
INSERT INTO VAL VALUES(517,current_timestamp, 40.40, '00450AAAABBBABAB');
INSERT INTO VAL VALUES(518,current_timestamp, 39.80, '00450AAAABBBABAB');
INSERT INTO VAL VALUES(519,current_timestamp, 39.20, '00450AAAABBBABAB');
INSERT INTO VAL VALUES(520,current_timestamp, 38.60, '00450AAAABBBABAB');
INSERT INTO VAL VALUES(521,current_timestamp, 38.00, '00450AAAABBBABAB');
INSERT INTO VAL VALUES(522,current_timestamp, 37.40, '00450AAAABBBABAB');
INSERT INTO VAL VALUES(523,current_timestamp, 36.80, '00450AAAABBBABAB');
INSERT INTO VAL VALUES(524,current_timestamp, 36.20, '00450AAAABBBABAB');
INSERT INTO VAL VALUES(525,current_timestamp, 35.60, '00450AAAABBBABAB');
INSERT INTO VAL VALUES(526,current_timestamp, 35.00, '00450AAAABBBABAB');
INSERT INTO VAL VALUES(527,current_timestamp, 34.40, '00450AAAABBBABAB');
INSERT INTO VAL VALUES(528,current_timestamp, 33.80, '00450AAAABBBABAB');
INSERT INTO VAL VALUES(529,current_timestamp, 33.20, '00450AAAABBBABAB');
INSERT INTO VAL VALUES(530,current_timestamp, 32.60, '00450AAAABBBABAB');
INSERT INTO VAL VALUES(531,current_timestamp, 32.00, '00450AAAABBBABAB');
INSERT INTO VAL VALUES(532,current_timestamp, 31.40, '00450AAAABBBABAB');
INSERT INTO VAL VALUES(533,current_timestamp, 30.80, '00450AAAABBBABAB');
INSERT INTO VAL VALUES(534,current_timestamp, 30.20, '00450AAAABBBABAB');
INSERT INTO VAL VALUES(535,current_timestamp, 29.60, '00450AAAABBBABAB');
INSERT INTO VAL VALUES(536,current_timestamp, 29.00, '00450AAAABBBABAB');
INSERT INTO VAL VALUES(537,current_timestamp, 28.40, '00450AAAABBBABAB');
INSERT INTO VAL VALUES(538,current_timestamp, 27.80, '00450AAAABBBABAB');
INSERT INTO VAL VALUES(539,current_timestamp, 27.20, '00450AAAABBBABAB');
INSERT INTO VAL VALUES(540,current_timestamp, 26.60, '00450AAAABBBABAB');
INSERT INTO VAL VALUES(541,current_timestamp, 26.00, '00450AAAABBBABAB');
INSERT INTO VAL VALUES(542,current_timestamp, 25.40, '00450AAAABBBABAB');
INSERT INTO VAL VALUES(543,current_timestamp, 24.80, '00450AAAABBBABAB');
INSERT INTO VAL VALUES(544,current_timestamp, 24.20, '00450AAAABBBABAB');
INSERT INTO VAL VALUES(545,current_timestamp, 23.60, '00450AAAABBBABAB');
INSERT INTO VAL VALUES(546,current_timestamp, 23.00, '00450AAAABBBABAB');
INSERT INTO VAL VALUES(547,current_timestamp, 22.40, '00450AAAABBBABAB');
INSERT INTO VAL VALUES(548,current_timestamp, 21.80, '00450AAAABBBABAB');
INSERT INTO VAL VALUES(549,current_timestamp, 21.20, '00450AAAABBBABAB');
INSERT INTO VAL VALUES(550,current_timestamp, 20.60, '00450AAAABBBABAB');
INSERT INTO VAL VALUES(551,current_timestamp, 20.00, '00450AAAABBBABAB');
INSERT INTO VAL VALUES(552,current_timestamp, 19.40, '00450AAAABBBABAB');
INSERT INTO VAL VALUES(553,current_timestamp, 18.80, '00450AAAABBBABAB');
INSERT INTO VAL VALUES(554,current_timestamp, 18.20, '00450AAAABBBABAB');
INSERT INTO VAL VALUES(555,current_timestamp, 17.60, '00450AAAABBBABAB');
INSERT INTO VAL VALUES(556,current_timestamp, 17.00, '00450AAAABBBABAB');
INSERT INTO VAL VALUES(557,current_timestamp, 16.40, '00450AAAABBBABAB');
INSERT INTO VAL VALUES(558,current_timestamp, 15.80, '00450AAAABBBABAB');
INSERT INTO VAL VALUES(559,current_timestamp, 15.20, '00450AAAABBBABAB');
INSERT INTO VAL VALUES(560,current_timestamp, 14.60, '00450AAAABBBABAB');
INSERT INTO VAL VALUES(561,current_timestamp, 14.00, '00450AAAABBBABAB');
INSERT INTO VAL VALUES(562,current_timestamp, 13.40, '00450AAAABBBABAB');
INSERT INTO VAL VALUES(563,current_timestamp, 12.80, '00450AAAABBBABAB');
INSERT INTO VAL VALUES(564,current_timestamp, 12.20, '00450AAAABBBABAB');
INSERT INTO VAL VALUES(565,current_timestamp, 11.60, '00450AAAABBBABAB');
INSERT INTO VAL VALUES(566,current_timestamp, 11.00, '00450AAAABBBABAB');
INSERT INTO VAL VALUES(567,current_timestamp, 10.40, '00450AAAABBBABAB');
INSERT INTO VAL VALUES(568,current_timestamp, 9.80, '00450AAAABBBABAB');
INSERT INTO VAL VALUES(569,current_timestamp, 9.20, '00450AAAABBBABAB');
INSERT INTO VAL VALUES(570,current_timestamp, 8.60, '00450AAAABBBABAB');
INSERT INTO VAL VALUES(571,current_timestamp, 8.00, '00450AAAABBBABAB');
INSERT INTO VAL VALUES(572,current_timestamp, 7.40, '00450AAAABBBABAB');
INSERT INTO VAL VALUES(573,current_timestamp, 6.80, '00450AAAABBBABAB');
INSERT INTO VAL VALUES(574,current_timestamp, 6.20, '00450AAAABBBABAB');
INSERT INTO VAL VALUES(575,current_timestamp, 5.60, '00450AAAABBBABAB');
INSERT INTO VAL VALUES(576,current_timestamp, 5.00, '00450AAAABBBABAB');
INSERT INTO VAL VALUES(577,current_timestamp, 4.40, '00450AAAABBBABAB');
INSERT INTO VAL VALUES(578,current_timestamp, 3.80, '00450AAAABBBABAB');
INSERT INTO VAL VALUES(579,current_timestamp, 3.20, '00450AAAABBBABAB');
INSERT INTO VAL VALUES(580,current_timestamp, 2.60, '00450AAAABBBABAB');
INSERT INTO VAL VALUES(581,current_timestamp, 2.00, '00450AAAABBBABAB');
INSERT INTO VAL VALUES(582,current_timestamp, 1.40, '00450AAAABBBABAB');
INSERT INTO VAL VALUES(583,current_timestamp, 0.80, '00450AAAABBBABAB');
INSERT INTO VAL VALUES(584,current_timestamp, 0.20, '00450AAAABBBABAB');
INSERT INTO VAL VALUES(585,current_timestamp, -0.40, '00450AAAABBBABAB');
INSERT INTO VAL VALUES(586,current_timestamp, -1.00, '00450AAAABBBABAB');
INSERT INTO VAL VALUES(587,current_timestamp, -1.60, '00450AAAABBBABAB');
INSERT INTO VAL VALUES(588,current_timestamp, -2.20, '00450AAAABBBABAB');
INSERT INTO VAL VALUES(589,current_timestamp, -2.80, '00450AAAABBBABAB');
INSERT INTO VAL VALUES(590,current_timestamp, -3.40, '00450AAAABBBABAB');
INSERT INTO VAL VALUES(591,current_timestamp, -4.00, '00450AAAABBBABAB');
INSERT INTO VAL VALUES(592,current_timestamp, -4.60, '00450AAAABBBABAB');
INSERT INTO VAL VALUES(593,current_timestamp, -5.20, '00450AAAABBBABAB');
INSERT INTO VAL VALUES(594,current_timestamp, -5.80, '00450AAAABBBABAB');
INSERT INTO VAL VALUES(595,current_timestamp, -6.40, '00450AAAABBBABAB');
INSERT INTO VAL VALUES(596,current_timestamp, -7.00, '00450AAAABBBABAB');
INSERT INTO VAL VALUES(597,current_timestamp, -7.60, '00450AAAABBBABAB');
INSERT INTO VAL VALUES(598,current_timestamp, -8.20, '00450AAAABBBABAB');
INSERT INTO VAL VALUES(599,current_timestamp, -8.80, '00450AAAABBBABAB');
INSERT INTO VAL VALUES(600,current_timestamp, -9.40, '00450AAAABBBABAB');
INSERT INTO VAL VALUES(601,current_timestamp, 1.00, 'BBBB55142373745A');
INSERT INTO VAL VALUES(602,current_timestamp, 1.50, 'BBBB55142373745A');
INSERT INTO VAL VALUES(603,current_timestamp, 2.00, 'BBBB55142373745A');
INSERT INTO VAL VALUES(604,current_timestamp, 2.50, 'BBBB55142373745A');
INSERT INTO VAL VALUES(605,current_timestamp, 3.00, 'BBBB55142373745A');
INSERT INTO VAL VALUES(606,current_timestamp, 3.50, 'BBBB55142373745A');
INSERT INTO VAL VALUES(607,current_timestamp, 4.00, 'BBBB55142373745A');
INSERT INTO VAL VALUES(608,current_timestamp, 4.50, 'BBBB55142373745A');
INSERT INTO VAL VALUES(609,current_timestamp, 5.00, 'BBBB55142373745A');
INSERT INTO VAL VALUES(610,current_timestamp, 5.50, 'BBBB55142373745A');
INSERT INTO VAL VALUES(611,current_timestamp, 6.00, 'BBBB55142373745A');
INSERT INTO VAL VALUES(612,current_timestamp, 6.50, 'BBBB55142373745A');
INSERT INTO VAL VALUES(613,current_timestamp, 7.00, 'BBBB55142373745A');
INSERT INTO VAL VALUES(614,current_timestamp, 7.50, 'BBBB55142373745A');
INSERT INTO VAL VALUES(615,current_timestamp, 8.00, 'BBBB55142373745A');
INSERT INTO VAL VALUES(616,current_timestamp, 8.50, 'BBBB55142373745A');
INSERT INTO VAL VALUES(617,current_timestamp, 9.00, 'BBBB55142373745A');
INSERT INTO VAL VALUES(618,current_timestamp, 9.50, 'BBBB55142373745A');
INSERT INTO VAL VALUES(619,current_timestamp, 10.00, 'BBBB55142373745A');
INSERT INTO VAL VALUES(620,current_timestamp, 10.50, 'BBBB55142373745A');
INSERT INTO VAL VALUES(621,current_timestamp, 11.00, 'BBBB55142373745A');
INSERT INTO VAL VALUES(622,current_timestamp, 11.50, 'BBBB55142373745A');
INSERT INTO VAL VALUES(623,current_timestamp, 12.00, 'BBBB55142373745A');
INSERT INTO VAL VALUES(624,current_timestamp, 12.50, 'BBBB55142373745A');
INSERT INTO VAL VALUES(625,current_timestamp, 13.00, 'BBBB55142373745A');
INSERT INTO VAL VALUES(626,current_timestamp, 13.50, 'BBBB55142373745A');
INSERT INTO VAL VALUES(627,current_timestamp, 14.00, 'BBBB55142373745A');
INSERT INTO VAL VALUES(628,current_timestamp, 14.50, 'BBBB55142373745A');
INSERT INTO VAL VALUES(629,current_timestamp, 15.00, 'BBBB55142373745A');
INSERT INTO VAL VALUES(630,current_timestamp, 15.50, 'BBBB55142373745A');
INSERT INTO VAL VALUES(631,current_timestamp, 16.00, 'BBBB55142373745A');
INSERT INTO VAL VALUES(632,current_timestamp, 16.50, 'BBBB55142373745A');
INSERT INTO VAL VALUES(633,current_timestamp, 17.00, 'BBBB55142373745A');
INSERT INTO VAL VALUES(634,current_timestamp, 17.50, 'BBBB55142373745A');
INSERT INTO VAL VALUES(635,current_timestamp, 18.00, 'BBBB55142373745A');
INSERT INTO VAL VALUES(636,current_timestamp, 18.50, 'BBBB55142373745A');
INSERT INTO VAL VALUES(637,current_timestamp, 19.00, 'BBBB55142373745A');
INSERT INTO VAL VALUES(638,current_timestamp, 19.50, 'BBBB55142373745A');
INSERT INTO VAL VALUES(639,current_timestamp, 20.00, 'BBBB55142373745A');
INSERT INTO VAL VALUES(640,current_timestamp, 20.50, 'BBBB55142373745A');
INSERT INTO VAL VALUES(641,current_timestamp, 21.00, 'BBBB55142373745A');
INSERT INTO VAL VALUES(642,current_timestamp, 21.50, 'BBBB55142373745A');
INSERT INTO VAL VALUES(643,current_timestamp, 22.00, 'BBBB55142373745A');
INSERT INTO VAL VALUES(644,current_timestamp, 22.50, 'BBBB55142373745A');
INSERT INTO VAL VALUES(645,current_timestamp, 23.00, 'BBBB55142373745A');
INSERT INTO VAL VALUES(646,current_timestamp, 23.50, 'BBBB55142373745A');
INSERT INTO VAL VALUES(647,current_timestamp, 24.00, 'BBBB55142373745A');
INSERT INTO VAL VALUES(648,current_timestamp, 24.50, 'BBBB55142373745A');
INSERT INTO VAL VALUES(649,current_timestamp, 25.00, 'BBBB55142373745A');
INSERT INTO VAL VALUES(650,current_timestamp, 25.50, 'BBBB55142373745A');
INSERT INTO VAL VALUES(651,current_timestamp, 26.00, 'BBBB55142373745A');
INSERT INTO VAL VALUES(652,current_timestamp, 26.50, 'BBBB55142373745A');
INSERT INTO VAL VALUES(653,current_timestamp, 27.00, 'BBBB55142373745A');
INSERT INTO VAL VALUES(654,current_timestamp, 27.50, 'BBBB55142373745A');
INSERT INTO VAL VALUES(655,current_timestamp, 28.00, 'BBBB55142373745A');
INSERT INTO VAL VALUES(656,current_timestamp, 28.50, 'BBBB55142373745A');
INSERT INTO VAL VALUES(657,current_timestamp, 29.00, 'BBBB55142373745A');
INSERT INTO VAL VALUES(658,current_timestamp, 29.50, 'BBBB55142373745A');
INSERT INTO VAL VALUES(659,current_timestamp, 30.00, 'BBBB55142373745A');
INSERT INTO VAL VALUES(660,current_timestamp, 30.50, 'BBBB55142373745A');
INSERT INTO VAL VALUES(661,current_timestamp, 31.00, 'BBBB55142373745A');
INSERT INTO VAL VALUES(662,current_timestamp, 31.50, 'BBBB55142373745A');
INSERT INTO VAL VALUES(663,current_timestamp, 32.00, 'BBBB55142373745A');
INSERT INTO VAL VALUES(664,current_timestamp, 32.50, 'BBBB55142373745A');
INSERT INTO VAL VALUES(665,current_timestamp, 33.00, 'BBBB55142373745A');
INSERT INTO VAL VALUES(666,current_timestamp, 33.50, 'BBBB55142373745A');
INSERT INTO VAL VALUES(667,current_timestamp, 34.00, 'BBBB55142373745A');
INSERT INTO VAL VALUES(668,current_timestamp, 34.50, 'BBBB55142373745A');
INSERT INTO VAL VALUES(669,current_timestamp, 35.00, 'BBBB55142373745A');
INSERT INTO VAL VALUES(670,current_timestamp, 35.50, 'BBBB55142373745A');
INSERT INTO VAL VALUES(671,current_timestamp, 36.00, 'BBBB55142373745A');
INSERT INTO VAL VALUES(672,current_timestamp, 36.50, 'BBBB55142373745A');
INSERT INTO VAL VALUES(673,current_timestamp, 37.00, 'BBBB55142373745A');
INSERT INTO VAL VALUES(674,current_timestamp, 37.50, 'BBBB55142373745A');
INSERT INTO VAL VALUES(675,current_timestamp, 38.00, 'BBBB55142373745A');
INSERT INTO VAL VALUES(676,current_timestamp, 38.50, 'BBBB55142373745A');
INSERT INTO VAL VALUES(677,current_timestamp, 39.00, 'BBBB55142373745A');
INSERT INTO VAL VALUES(678,current_timestamp, 39.50, 'BBBB55142373745A');
INSERT INTO VAL VALUES(679,current_timestamp, 40.00, 'BBBB55142373745A');
INSERT INTO VAL VALUES(680,current_timestamp, 40.50, 'BBBB55142373745A');
INSERT INTO VAL VALUES(681,current_timestamp, 41.00, 'BBBB55142373745A');
INSERT INTO VAL VALUES(682,current_timestamp, 41.50, 'BBBB55142373745A');
INSERT INTO VAL VALUES(683,current_timestamp, 42.00, 'BBBB55142373745A');
INSERT INTO VAL VALUES(684,current_timestamp, 42.50, 'BBBB55142373745A');
INSERT INTO VAL VALUES(685,current_timestamp, 43.00, 'BBBB55142373745A');
INSERT INTO VAL VALUES(686,current_timestamp, 43.50, 'BBBB55142373745A');
INSERT INTO VAL VALUES(687,current_timestamp, 44.00, 'BBBB55142373745A');
INSERT INTO VAL VALUES(688,current_timestamp, 44.50, 'BBBB55142373745A');
INSERT INTO VAL VALUES(689,current_timestamp, 45.00, 'BBBB55142373745A');
INSERT INTO VAL VALUES(690,current_timestamp, 45.50, 'BBBB55142373745A');
INSERT INTO VAL VALUES(691,current_timestamp, 46.00, 'BBBB55142373745A');
INSERT INTO VAL VALUES(692,current_timestamp, 46.50, 'BBBB55142373745A');
INSERT INTO VAL VALUES(693,current_timestamp, 47.00, 'BBBB55142373745A');
INSERT INTO VAL VALUES(694,current_timestamp, 47.50, 'BBBB55142373745A');
INSERT INTO VAL VALUES(695,current_timestamp, 48.00, 'BBBB55142373745A');
INSERT INTO VAL VALUES(696,current_timestamp, 48.50, 'BBBB55142373745A');
INSERT INTO VAL VALUES(697,current_timestamp, 49.00, 'BBBB55142373745A');
INSERT INTO VAL VALUES(698,current_timestamp, 49.50, 'BBBB55142373745A');
INSERT INTO VAL VALUES(699,current_timestamp, 50.00, 'BBBB55142373745A');
INSERT INTO VAL VALUES(700,current_timestamp, 50.50, 'BBBB55142373745A');
